-- phpMyAdmin SQL Dump
-- version 5.0.2
-- https://www.phpmyadmin.net/
--
-- Host: 127.0.0.1
-- Generation Time: Feb 11, 2022 at 09:37 AM
-- Server version: 10.4.14-MariaDB
-- PHP Version: 7.4.10

SET SQL_MODE = "NO_AUTO_VALUE_ON_ZERO";
START TRANSACTION;
SET time_zone = "+00:00";


/*!40101 SET @OLD_CHARACTER_SET_CLIENT=@@CHARACTER_SET_CLIENT */;
/*!40101 SET @OLD_CHARACTER_SET_RESULTS=@@CHARACTER_SET_RESULTS */;
/*!40101 SET @OLD_COLLATION_CONNECTION=@@COLLATION_CONNECTION */;
/*!40101 SET NAMES utf8mb4 */;

--
-- Database: `pensionerdb`
--

-- --------------------------------------------------------

--
-- Table structure for table `tblbarangays`
--

CREATE TABLE `tblbarangays` (
  `bar_code` varchar(9) NOT NULL DEFAULT '',
  `mun_code` varchar(9) DEFAULT NULL,
  `prov_code` varchar(9) DEFAULT NULL,
  `bar_name` varchar(100) DEFAULT NULL
) ENGINE=InnoDB DEFAULT CHARSET=latin1;

--
-- Dumping data for table `tblbarangays`
--

INSERT INTO `tblbarangays` (`bar_code`, `mun_code`, `prov_code`, `bar_name`) VALUES
('140101001', '140101000', '140100000', 'Agtangao'),
('140101002', '140101000', '140100000', 'Angad'),
('140101003', '140101000', '140100000', 'Bañacao'),
('140101004', '140101000', '140100000', 'Bangbangar'),
('140101005', '140101000', '140100000', 'Cabuloan'),
('140101006', '140101000', '140100000', 'Calaba'),
('140101007', '140101000', '140100000', 'Calot'),
('140101008', '140101000', '140100000', 'Cosili West (Buaya)'),
('140101009', '140101000', '140100000', 'Cosili East (Proper)'),
('140101010', '140101000', '140100000', 'Dangdangla'),
('140101011', '140101000', '140100000', 'Lingtan'),
('140101012', '140101000', '140100000', 'Lipcan'),
('140101013', '140101000', '140100000', 'Lubong'),
('140101014', '140101000', '140100000', 'Macarcarmay'),
('140101015', '140101000', '140100000', 'Maoay'),
('140101016', '140101000', '140100000', 'Macray'),
('140101017', '140101000', '140100000', 'Malita'),
('140101018', '140101000', '140100000', 'Palao'),
('140101019', '140101000', '140100000', 'Patucannay'),
('140101020', '140101000', '140100000', 'Sagap'),
('140101021', '140101000', '140100000', 'San Antonio'),
('140101022', '140101000', '140100000', 'Santa Rosa'),
('140101023', '140101000', '140100000', 'Sao-Atan'),
('140101024', '140101000', '140100000', 'Sappaac'),
('140101025', '140101000', '140100000', 'Zone 2 Pob. (Consiliman)'),
('140101026', '140101000', '140100000', 'Zone 3 Pob. (Lalaud)'),
('140101027', '140101000', '140100000', 'Zone 4 Pob. (Town Proper)'),
('140101028', '140101000', '140100000', 'Zone 5 Pob. (Bo. Barikir)'),
('140101029', '140101000', '140100000', 'Zone 6 Pob. (Sinapangan)'),
('140101030', '140101000', '140100000', 'Zone 7 Pob. (Baliling)'),
('140101031', '140101000', '140100000', 'Zone 1 Pob. (Nalasin)'),
('140102001', '140102000', '140100000', 'Amti'),
('140102002', '140102000', '140100000', 'Bao-Yan'),
('140102003', '140102000', '140100000', 'Danac East'),
('140102004', '140102000', '140100000', 'Dao-Angan'),
('140102005', '140102000', '140100000', 'Dumagas'),
('140102006', '140102000', '140100000', 'Kilong-Olao'),
('140102007', '140102000', '140100000', 'Poblacion (Boliney)'),
('140102008', '140102000', '140100000', 'Danac West'),
('140103001', '140103000', '140100000', 'Abang'),
('140103002', '140103000', '140100000', 'Bangbangcag'),
('140103003', '140103000', '140100000', 'Bangcagan'),
('140103004', '140103000', '140100000', 'Banglolao'),
('140103005', '140103000', '140100000', 'Bugbog'),
('140103006', '140103000', '140100000', 'Calao'),
('140103007', '140103000', '140100000', 'Dugong'),
('140103008', '140103000', '140100000', 'Labon'),
('140103009', '140103000', '140100000', 'Layugan'),
('140103010', '140103000', '140100000', 'Madalipay'),
('140103011', '140103000', '140100000', 'Pagala'),
('140103012', '140103000', '140100000', 'Palaquio'),
('140103013', '140103000', '140100000', 'Pakiling'),
('140103014', '140103000', '140100000', 'Patoc'),
('140103016', '140103000', '140100000', 'North Poblacion'),
('140103017', '140103000', '140100000', 'South Poblacion'),
('140103018', '140103000', '140100000', 'Quimloong'),
('140103019', '140103000', '140100000', 'Salnec'),
('140103020', '140103000', '140100000', 'San Miguel'),
('140103021', '140103000', '140100000', 'Siblong'),
('140103022', '140103000', '140100000', 'Tabiog'),
('140104001', '140104000', '140100000', 'Ducligan'),
('140104002', '140104000', '140100000', 'Labaan'),
('140104003', '140104000', '140100000', 'Lingey'),
('140104004', '140104000', '140100000', 'Lamao (Pob.)'),
('140105001', '140105000', '140100000', 'Ableg'),
('140105002', '140105000', '140100000', 'Cabaruyan'),
('140105003', '140105000', '140100000', 'Pikek'),
('140105004', '140105000', '140100000', 'Poblacion (Tui)'),
('140106001', '140106000', '140100000', 'Abaquid'),
('140106003', '140106000', '140100000', 'Cabaruan'),
('140106004', '140106000', '140100000', 'Caupasan (Pob.)'),
('140106005', '140106000', '140100000', 'Danglas'),
('140106006', '140106000', '140100000', 'Nagaparan'),
('140106007', '140106000', '140100000', 'Padangitan'),
('140106008', '140106000', '140100000', 'Pangal'),
('140107001', '140107000', '140100000', 'Bayaan'),
('140107002', '140107000', '140100000', 'Cabaroan'),
('140107003', '140107000', '140100000', 'Calumbaya'),
('140107004', '140107000', '140100000', 'Cardona'),
('140107005', '140107000', '140100000', 'Isit'),
('140107006', '140107000', '140100000', 'Kimmalaba'),
('140107007', '140107000', '140100000', 'Libtec'),
('140107008', '140107000', '140100000', 'Lub-Lubba'),
('140107009', '140107000', '140100000', 'Mudiit'),
('140107010', '140107000', '140100000', 'Namit-Ingan'),
('140107011', '140107000', '140100000', 'Pacac'),
('140107012', '140107000', '140100000', 'Poblacion'),
('140107013', '140107000', '140100000', 'Salucag'),
('140107014', '140107000', '140100000', 'Talogtog'),
('140107015', '140107000', '140100000', 'Taping'),
('140108002', '140108000', '140100000', 'Benben (Bonbon)'),
('140108003', '140108000', '140100000', 'Bulbulala'),
('140108004', '140108000', '140100000', 'Buli'),
('140108005', '140108000', '140100000', 'Canan (Gapan)'),
('140108006', '140108000', '140100000', 'Liguis'),
('140108007', '140108000', '140100000', 'Malabbaga'),
('140108008', '140108000', '140100000', 'Mudeng'),
('140108009', '140108000', '140100000', 'Pidipid'),
('140108010', '140108000', '140100000', 'Poblacion'),
('140108011', '140108000', '140100000', 'San Gregorio'),
('140108012', '140108000', '140100000', 'Toon'),
('140108013', '140108000', '140100000', 'Udangan'),
('140109001', '140109000', '140100000', 'Bacag'),
('140109002', '140109000', '140100000', 'Buneg'),
('140109003', '140109000', '140100000', 'Guinguinabang'),
('140109004', '140109000', '140100000', 'Lan-Ag'),
('140109005', '140109000', '140100000', 'Pacoc'),
('140109006', '140109000', '140100000', 'Poblacion (Talampac)'),
('140110001', '140110000', '140100000', 'Aguet'),
('140110002', '140110000', '140100000', 'Bacooc'),
('140110003', '140110000', '140100000', 'Balais'),
('140110004', '140110000', '140100000', 'Cayapa'),
('140110005', '140110000', '140100000', 'Dalaguisen'),
('140110006', '140110000', '140100000', 'Laang'),
('140110007', '140110000', '140100000', 'Lagben'),
('140110008', '140110000', '140100000', 'Laguiben'),
('140110009', '140110000', '140100000', 'Nagtipulan'),
('140110010', '140110000', '140100000', 'Nagtupacan'),
('140110011', '140110000', '140100000', 'Paganao'),
('140110012', '140110000', '140100000', 'Pawa'),
('140110013', '140110000', '140100000', 'Poblacion'),
('140110014', '140110000', '140100000', 'Presentar'),
('140110015', '140110000', '140100000', 'San Isidro'),
('140110016', '140110000', '140100000', 'Tagodtod'),
('140110017', '140110000', '140100000', 'Taping'),
('140111002', '140111000', '140100000', 'Ba-I'),
('140111004', '140111000', '140100000', 'Collago'),
('140111005', '140111000', '140100000', 'Pang-Ot'),
('140111006', '140111000', '140100000', 'Poblacion (Manaois)'),
('140111007', '140111000', '140100000', 'Pulot'),
('140112001', '140112000', '140100000', 'Baac'),
('140112004', '140112000', '140100000', 'Dalayap (Nalaas)'),
('140112005', '140112000', '140100000', 'Mabungtot'),
('140112006', '140112000', '140100000', 'Malapaao'),
('140112007', '140112000', '140100000', 'Poblacion'),
('140112008', '140112000', '140100000', 'Quillat'),
('140113001', '140113000', '140100000', 'Bonglo (Patagui)'),
('140113002', '140113000', '140100000', 'Bulbulala'),
('140113003', '140113000', '140100000', 'Cawayan'),
('140113004', '140113000', '140100000', 'Domenglay'),
('140113005', '140113000', '140100000', 'Lenneng'),
('140113006', '140113000', '140100000', 'Mapisla'),
('140113007', '140113000', '140100000', 'Mogao'),
('140113008', '140113000', '140100000', 'Nalbuan'),
('140113009', '140113000', '140100000', 'Poblacion'),
('140113010', '140113000', '140100000', 'Subagan'),
('140113011', '140113000', '140100000', 'Tumalip'),
('140114001', '140114000', '140100000', 'Ampalioc'),
('140114002', '140114000', '140100000', 'Barit'),
('140114003', '140114000', '140100000', 'Gayaman'),
('140114005', '140114000', '140100000', 'Lul-Luno'),
('140114006', '140114000', '140100000', 'Luzong'),
('140114007', '140114000', '140100000', 'Nagbukel-Tuquipa'),
('140114008', '140114000', '140100000', 'Poblacion'),
('140114009', '140114000', '140100000', 'Sabnangan'),
('140115001', '140115000', '140100000', 'Bayabas'),
('140115002', '140115000', '140100000', 'Binasaran'),
('140115003', '140115000', '140100000', 'Buanao'),
('140115004', '140115000', '140100000', 'Dulao'),
('140115005', '140115000', '140100000', 'Duldulao'),
('140115006', '140115000', '140100000', 'Gacab'),
('140115007', '140115000', '140100000', 'Lat-Ey'),
('140115008', '140115000', '140100000', 'Malibcong (Pob.)'),
('140115009', '140115000', '140100000', 'Mataragan'),
('140115010', '140115000', '140100000', 'Pacgued'),
('140115011', '140115000', '140100000', 'Taripan'),
('140115012', '140115000', '140100000', 'Umnap'),
('140116002', '140116000', '140100000', 'Catacdegan Viejo'),
('140116003', '140116000', '140100000', 'Luzong'),
('140116004', '140116000', '140100000', 'Ayyeng (Pob.)'),
('140116005', '140116000', '140100000', 'San Jose Norte'),
('140116006', '140116000', '140100000', 'San Jose Sur'),
('140116007', '140116000', '140100000', 'San Juan Norte'),
('140116008', '140116000', '140100000', 'San Juan Sur'),
('140116011', '140116000', '140100000', 'San Ramon East'),
('140116012', '140116000', '140100000', 'San Ramon West'),
('140116013', '140116000', '140100000', 'Santo Tomas'),
('140116014', '140116000', '140100000', 'Catacdegan Nuevo'),
('140117001', '140117000', '140100000', 'Dumayco'),
('140117002', '140117000', '140100000', 'Lusuac'),
('140117003', '140117000', '140100000', 'Namarabar'),
('140117004', '140117000', '140100000', 'Patiao'),
('140117005', '140117000', '140100000', 'Malamsit (Pau-Malamsit)'),
('140117006', '140117000', '140100000', 'Poblacion'),
('140117007', '140117000', '140100000', 'Riang (Tiang)'),
('140117008', '140117000', '140100000', 'Santa Rosa'),
('140117009', '140117000', '140100000', 'Tattawa'),
('140118001', '140118000', '140100000', 'Alinaya'),
('140118002', '140118000', '140100000', 'Arab'),
('140118004', '140118000', '140100000', 'Garreta'),
('140118005', '140118000', '140100000', 'Immuli'),
('140118007', '140118000', '140100000', 'Laskig'),
('140118008', '140118000', '140100000', 'Naguirayan'),
('140118009', '140118000', '140100000', 'Monggoc'),
('140118010', '140118000', '140100000', 'Pamutic'),
('140118011', '140118000', '140100000', 'Pangtud'),
('140118012', '140118000', '140100000', 'Poblacion East'),
('140118013', '140118000', '140100000', 'Poblacion West'),
('140118014', '140118000', '140100000', 'San Diego'),
('140118016', '140118000', '140100000', 'Sulbec'),
('140118018', '140118000', '140100000', 'Suyo (Malidong)'),
('140118019', '140118000', '140100000', 'Yuyeng'),
('140119002', '140119000', '140100000', 'Bolbolo'),
('140119003', '140119000', '140100000', 'Brookside'),
('140119004', '140119000', '140100000', 'Ocup'),
('140119005', '140119000', '140100000', 'Dalit'),
('140119006', '140119000', '140100000', 'Dintan'),
('140119007', '140119000', '140100000', 'Gapang'),
('140119008', '140119000', '140100000', 'Kinabiti'),
('140119009', '140119000', '140100000', 'Maliplipit'),
('140119010', '140119000', '140100000', 'Nagcanasan'),
('140119011', '140119000', '140100000', 'Nanangduan'),
('140119012', '140119000', '140100000', 'Narnara'),
('140119014', '140119000', '140100000', 'Pang-Ot'),
('140119015', '140119000', '140100000', 'Patad'),
('140119016', '140119000', '140100000', 'Poblacion'),
('140119017', '140119000', '140100000', 'San Juan East'),
('140119018', '140119000', '140100000', 'San Juan West'),
('140119019', '140119000', '140100000', 'South Balioag'),
('140119020', '140119000', '140100000', 'Tikitik'),
('140119021', '140119000', '140100000', 'Villavieja'),
('140120001', '140120000', '140100000', 'Bazar'),
('140120002', '140120000', '140100000', 'Bilabila'),
('140120003', '140120000', '140100000', 'Gangal (Pob.)'),
('140120004', '140120000', '140100000', 'Maguyepyep'),
('140120005', '140120000', '140100000', 'Naguilian'),
('140120006', '140120000', '140100000', 'Saccaang'),
('140120007', '140120000', '140100000', 'Sallapadan Barrio'),
('140120008', '140120000', '140100000', 'Subusob'),
('140120009', '140120000', '140100000', 'Ud-Udiao'),
('140121001', '140121000', '140100000', 'Cabayogan'),
('140121002', '140121000', '140100000', 'Dalimag'),
('140121003', '140121000', '140100000', 'Langbaban'),
('140121004', '140121000', '140100000', 'Manayday'),
('140121007', '140121000', '140100000', 'Pantoc'),
('140121008', '140121000', '140100000', 'Poblacion'),
('140121010', '140121000', '140100000', 'Sabtan-Olo'),
('140121012', '140121000', '140100000', 'San Marcial'),
('140121013', '140121000', '140100000', 'Tangbao'),
('140122001', '140122000', '140100000', 'Abualan'),
('140122002', '140122000', '140100000', 'Ba-Ug'),
('140122003', '140122000', '140100000', 'Badas'),
('140122004', '140122000', '140100000', 'Cabcaborao'),
('140122005', '140122000', '140100000', 'Colabaoan'),
('140122006', '140122000', '140100000', 'Culiong'),
('140122007', '140122000', '140100000', 'Daoidao'),
('140122008', '140122000', '140100000', 'Guimba'),
('140122009', '140122000', '140100000', 'Lam-Ag'),
('140122010', '140122000', '140100000', 'Lumobang'),
('140122011', '140122000', '140100000', 'Nangobongan'),
('140122012', '140122000', '140100000', 'Pattaoig'),
('140122013', '140122000', '140100000', 'Poblacion North'),
('140122014', '140122000', '140100000', 'Poblacion South'),
('140122015', '140122000', '140100000', 'Quidaoen'),
('140122016', '140122000', '140100000', 'Sabangan'),
('140122017', '140122000', '140100000', 'Silet'),
('140122018', '140122000', '140100000', 'Supi-Il'),
('140122019', '140122000', '140100000', 'Tagaytay'),
('140123001', '140123000', '140100000', 'Labaan'),
('140123002', '140123000', '140100000', 'Palang'),
('140123003', '140123000', '140100000', 'Pantoc'),
('140123004', '140123000', '140100000', 'Poblacion'),
('140123005', '140123000', '140100000', 'Tangadan'),
('140123006', '140123000', '140100000', 'Villa Mercedes'),
('140124001', '140124000', '140100000', 'Bagalay'),
('140124002', '140124000', '140100000', 'Basbasa'),
('140124003', '140124000', '140100000', 'Budac'),
('140124004', '140124000', '140100000', 'Bumagcat'),
('140124005', '140124000', '140100000', 'Cabaroan'),
('140124006', '140124000', '140100000', 'Deet'),
('140124007', '140124000', '140100000', 'Gaddani'),
('140124008', '140124000', '140100000', 'Patucannay'),
('140124009', '140124000', '140100000', 'Pias'),
('140124010', '140124000', '140100000', 'Poblacion'),
('140124011', '140124000', '140100000', 'Velasco'),
('140125001', '140125000', '140100000', 'Poblacion (Agsimao)'),
('140125002', '140125000', '140100000', 'Alaoa'),
('140125003', '140125000', '140100000', 'Anayan'),
('140125004', '140125000', '140100000', 'Apao'),
('140125005', '140125000', '140100000', 'Belaat'),
('140125006', '140125000', '140100000', 'Caganayan'),
('140125007', '140125000', '140100000', 'Cogon'),
('140125008', '140125000', '140100000', 'Lanec'),
('140125009', '140125000', '140100000', 'Lapat-Balantay'),
('140125010', '140125000', '140100000', 'Naglibacan'),
('140126001', '140126000', '140100000', 'Alangtin'),
('140126002', '140126000', '140100000', 'Amtuagan'),
('140126003', '140126000', '140100000', 'Dilong'),
('140126004', '140126000', '140100000', 'Kili'),
('140126005', '140126000', '140100000', 'Poblacion (Mayabo)'),
('140126006', '140126000', '140100000', 'Supo'),
('140126007', '140126000', '140100000', 'Tiempo'),
('140126008', '140126000', '140100000', 'Tubtuba'),
('140126009', '140126000', '140100000', 'Wayangan'),
('140126010', '140126000', '140100000', 'Tabacda'),
('140127001', '140127000', '140100000', 'Ap-Apaya (Malanay)'),
('140127002', '140127000', '140100000', 'Bol-Lilising'),
('140127003', '140127000', '140100000', 'Cal-Lao'),
('140127004', '140127000', '140100000', 'Lap-Lapog'),
('140127005', '140127000', '140100000', 'Lumaba'),
('140127006', '140127000', '140100000', 'Poblacion (Mabilong)'),
('140127007', '140127000', '140100000', 'Tamac'),
('140127008', '140127000', '140100000', 'Tuquib'),
('141101001', '141101000', '141100000', 'Abiang'),
('141101002', '141101000', '141100000', 'Caliking'),
('141101003', '141101000', '141100000', 'Cattubo'),
('141101004', '141101000', '141100000', 'Naguey'),
('141101005', '141101000', '141100000', 'Paoay'),
('141101006', '141101000', '141100000', 'Pasdong'),
('141101007', '141101000', '141100000', 'Poblacion'),
('141101008', '141101000', '141100000', 'Topdac'),
('141102001', '141102000', '141102000', 'Apugan-Loakan'),
('141102002', '141102000', '141102000', 'Asin Road'),
('141102003', '141102000', '141102000', 'Atok Trail'),
('141102004', '141102000', '141102000', 'Bakakeng Central'),
('141102005', '141102000', '141102000', 'Bakakeng North'),
('141102006', '141102000', '141102000', 'Happy Hollow'),
('141102007', '141102000', '141102000', 'Balsigan'),
('141102008', '141102000', '141102000', 'Bayan Park West (Bayan Park)'),
('141102010', '141102000', '141102000', 'Bayan Park East'),
('141102011', '141102000', '141102000', 'Brookspoint'),
('141102012', '141102000', '141102000', 'Brookside'),
('141102013', '141102000', '141102000', 'Cabinet Hill-Teacher\'s Camp'),
('141102016', '141102000', '141102000', 'Camp Allen'),
('141102017', '141102000', '141102000', 'Camp 7'),
('141102018', '141102000', '141102000', 'Camp 8'),
('141102019', '141102000', '141102000', 'Campo Filipino'),
('141102022', '141102000', '141102000', 'City Camp Central'),
('141102023', '141102000', '141102000', 'City Camp Proper'),
('141102025', '141102000', '141102000', 'Country Club Village'),
('141102026', '141102000', '141102000', 'Cresencia Village'),
('141102028', '141102000', '141102000', 'Dagsian, Upper'),
('141102029', '141102000', '141102000', 'Dps Area'),
('141102030', '141102000', '141102000', 'Dizon Subdivision'),
('141102034', '141102000', '141102000', 'Quirino Hill, East'),
('141102035', '141102000', '141102000', 'Engineers Hill'),
('141102036', '141102000', '141102000', 'Fairview Village'),
('141102037', '141102000', '141102000', 'Fort Del Pilar'),
('141102038', '141102000', '141102000', 'General Luna, Upper'),
('141102040', '141102000', '141102000', 'Gibraltar'),
('141102041', '141102000', '141102000', 'Greenwater Village'),
('141102042', '141102000', '141102000', 'Guisad Central'),
('141102043', '141102000', '141102000', 'Guisad Sorong'),
('141102045', '141102000', '141102000', 'Hillside'),
('141102046', '141102000', '141102000', 'Holy Ghost Extension'),
('141102047', '141102000', '141102000', 'Holy Ghost Proper'),
('141102049', '141102000', '141102000', 'Imelda Village'),
('141102050', '141102000', '141102000', 'Irisan'),
('141102051', '141102000', '141102000', 'Kayang Extension'),
('141102052', '141102000', '141102000', 'Kias'),
('141102053', '141102000', '141102000', 'Kagitingan'),
('141102054', '141102000', '141102000', 'Loakan Proper'),
('141102055', '141102000', '141102000', 'Lopez Jaena'),
('141102056', '141102000', '141102000', 'Lourdes Subdivision Extension'),
('141102058', '141102000', '141102000', 'Dagsian, Lower'),
('141102059', '141102000', '141102000', 'Lourdes Subdivision, Lower'),
('141102061', '141102000', '141102000', 'Quirino Hill, Lower'),
('141102062', '141102000', '141102000', 'General Emilio F. Aguinaldo (Quirino-Magsaysay, Lower)'),
('141102063', '141102000', '141102000', 'Lualhati'),
('141102064', '141102000', '141102000', 'Lucnab'),
('141102065', '141102000', '141102000', 'Magsaysay, Lower'),
('141102066', '141102000', '141102000', 'Magsaysay Private Road'),
('141102067', '141102000', '141102000', 'Aurora Hill Proper (Malvar-Sgt. Floresca)'),
('141102068', '141102000', '141102000', 'Bal-Marcoville (Marcoville)'),
('141102069', '141102000', '141102000', 'Quirino Hill, Middle'),
('141102071', '141102000', '141102000', 'Military Cut-Off'),
('141102072', '141102000', '141102000', 'Mines View Park'),
('141102074', '141102000', '141102000', 'Modern Site, East'),
('141102075', '141102000', '141102000', 'Modern Site, West'),
('141102076', '141102000', '141102000', 'New Lucban'),
('141102078', '141102000', '141102000', 'Aurora Hill, North Central'),
('141102079', '141102000', '141102000', 'Sanitary Camp, North'),
('141102081', '141102000', '141102000', 'Outlook Drive'),
('141102082', '141102000', '141102000', 'Pacdal'),
('141102086', '141102000', '141102000', 'Pinget'),
('141102087', '141102000', '141102000', 'Pinsao Pilot Project'),
('141102088', '141102000', '141102000', 'Pinsao Proper'),
('141102089', '141102000', '141102000', 'Poliwes'),
('141102090', '141102000', '141102000', 'Pucsusan'),
('141102091', '141102000', '141102000', 'Mrr-Queen Of Peace'),
('141102092', '141102000', '141102000', 'Rock Quarry, Lower'),
('141102094', '141102000', '141102000', 'Salud Mitra'),
('141102096', '141102000', '141102000', 'San Antonio Village'),
('141102097', '141102000', '141102000', 'San Luis Village'),
('141102098', '141102000', '141102000', 'San Roque Village'),
('141102099', '141102000', '141102000', 'San Vicente'),
('141102100', '141102000', '141102000', 'Santa Escolastica'),
('141102101', '141102000', '141102000', 'Santo Rosario'),
('141102102', '141102000', '141102000', 'Santo Tomas School Area'),
('141102103', '141102000', '141102000', 'Santo Tomas Proper'),
('141102105', '141102000', '141102000', 'Scout Barrio'),
('141102106', '141102000', '141102000', 'Session Road Area'),
('141102107', '141102000', '141102000', 'Slaughter House Area (Santo Niño Slaughter)'),
('141102109', '141102000', '141102000', 'Sanitary Camp, South'),
('141102110', '141102000', '141102000', 'Saint Joseph Village'),
('141102111', '141102000', '141102000', 'Teodora Alonzo'),
('141102112', '141102000', '141102000', 'Trancoville'),
('141102114', '141102000', '141102000', 'Rock Quarry, Upper'),
('141102115', '141102000', '141102000', 'Victoria Village'),
('141102116', '141102000', '141102000', 'Quirino Hill, West'),
('141102117', '141102000', '141102000', 'Andres Bonifacio (Lower Bokawkan)'),
('141102119', '141102000', '141102000', 'Legarda-Burnham-Kisad'),
('141102120', '141102000', '141102000', 'Imelda R. Marcos (La Salle)'),
('141102122', '141102000', '141102000', 'Lourdes Subdivision, Proper'),
('141102124', '141102000', '141102000', 'Quirino-Magsaysay, Upper (Upper Qm)'),
('141102125', '141102000', '141102000', 'A. Bonifacio-Caguioa-Rimando (Abcr)'),
('141102126', '141102000', '141102000', 'Ambiong'),
('141102128', '141102000', '141102000', 'Aurora Hill, South Central'),
('141102129', '141102000', '141102000', 'Abanao-Zandueta-Kayong-Chugum-Otek (Azkco)'),
('141102131', '141102000', '141102000', 'Bgh Compound'),
('141102132', '141102000', '141102000', 'Bayan Park Village'),
('141102133', '141102000', '141102000', 'Camdas Subdivision'),
('141102134', '141102000', '141102000', 'Palma-O (Cariño-Palma)'),
('141102135', '141102000', '141102000', 'Dominican Hill-Mirador'),
('141102136', '141102000', '141102000', 'Alfonso Tabora'),
('141102137', '141102000', '141102000', 'Dontogan'),
('141102138', '141102000', '141102000', 'Ferdinand (Happy Homes-Campo Sioco)'),
('141102139', '141102000', '141102000', 'Happy Homes (Happy Homes-Lucban)'),
('141102140', '141102000', '141102000', 'Harrison-Claudio Carantes'),
('141102141', '141102000', '141102000', 'Honeymoon (Honeymoon-Holy Ghost)'),
('141102142', '141102000', '141102000', 'Kabayanihan'),
('141102143', '141102000', '141102000', 'Kayang-Hilltop'),
('141102144', '141102000', '141102000', 'Gabriela Silang'),
('141102145', '141102000', '141102000', 'Liwanag-Loakan'),
('141102147', '141102000', '141102000', 'Malcolm Square-Perfecto (Jose Abad Santos)'),
('141102148', '141102000', '141102000', 'Manuel A. Roxas'),
('141102149', '141102000', '141102000', 'Padre Burgos'),
('141102150', '141102000', '141102000', 'Quezon Hill, Upper'),
('141102151', '141102000', '141102000', 'Rock Quarry, Middle'),
('141102152', '141102000', '141102000', 'Phil-Am'),
('141102153', '141102000', '141102000', 'Quezon Hill Proper'),
('141102154', '141102000', '141102000', 'Middle Quezon Hill Subdivision(Quezon Hill Middle)'),
('141102155', '141102000', '141102000', 'Rizal Monument Area'),
('141102156', '141102000', '141102000', 'Slu-Svp Housing Village'),
('141102157', '141102000', '141102000', 'South Drive'),
('141102160', '141102000', '141102000', 'Market Subdivision, Upper'),
('141102161', '141102000', '141102000', 'Padre Zamora'),
('141103001', '141103000', '141100000', 'Ampusongan'),
('141103002', '141103000', '141100000', 'Bagu'),
('141103004', '141103000', '141100000', 'Dalipey'),
('141103005', '141103000', '141100000', 'Gambang'),
('141103007', '141103000', '141100000', 'Kayapa'),
('141103009', '141103000', '141100000', 'Poblacion (Central)'),
('141103010', '141103000', '141100000', 'Sinacbat'),
('141104001', '141104000', '141100000', 'Ambuclao'),
('141104002', '141104000', '141100000', 'Bila'),
('141104003', '141104000', '141100000', 'Bobok-Bisal'),
('141104004', '141104000', '141100000', 'Daclan'),
('141104005', '141104000', '141100000', 'Ekip'),
('141104006', '141104000', '141100000', 'Karao'),
('141104007', '141104000', '141100000', 'Nawal'),
('141104008', '141104000', '141100000', 'Pito'),
('141104009', '141104000', '141100000', 'Poblacion'),
('141104010', '141104000', '141100000', 'Tikey'),
('141105001', '141105000', '141100000', 'Abatan'),
('141105002', '141105000', '141100000', 'Amgaleyguey'),
('141105003', '141105000', '141100000', 'Amlimay'),
('141105004', '141105000', '141100000', 'Baculongan Norte'),
('141105006', '141105000', '141100000', 'Bangao'),
('141105007', '141105000', '141100000', 'Buyacaoan'),
('141105008', '141105000', '141100000', 'Calamagan'),
('141105009', '141105000', '141100000', 'Catlubong'),
('141105010', '141105000', '141100000', 'Loo'),
('141105012', '141105000', '141100000', 'Natubleng'),
('141105013', '141105000', '141100000', 'Poblacion (Central)'),
('141105014', '141105000', '141100000', 'Baculongan Sur'),
('141105015', '141105000', '141100000', 'Lengaoan'),
('141105016', '141105000', '141100000', 'Sebang'),
('141106001', '141106000', '141100000', 'Ampucao'),
('141106002', '141106000', '141100000', 'Dalupirip'),
('141106003', '141106000', '141100000', 'Gumatdang'),
('141106004', '141106000', '141100000', 'Loacan'),
('141106005', '141106000', '141100000', 'Poblacion (Central)'),
('141106006', '141106000', '141100000', 'Tinongdan'),
('141106007', '141106000', '141100000', 'Tuding'),
('141106008', '141106000', '141100000', 'Ucab'),
('141106009', '141106000', '141100000', 'Virac'),
('141107001', '141107000', '141100000', 'Adaoay'),
('141107002', '141107000', '141100000', 'Anchukey'),
('141107003', '141107000', '141100000', 'Ballay'),
('141107004', '141107000', '141100000', 'Bashoy'),
('141107005', '141107000', '141100000', 'Batan'),
('141107009', '141107000', '141100000', 'Duacan'),
('141107010', '141107000', '141100000', 'Eddet'),
('141107012', '141107000', '141100000', 'Gusaran'),
('141107013', '141107000', '141100000', 'Kabayan Barrio'),
('141107014', '141107000', '141100000', 'Lusod'),
('141107016', '141107000', '141100000', 'Pacso'),
('141107017', '141107000', '141100000', 'Poblacion'),
('141107018', '141107000', '141100000', 'Tawangan'),
('141108001', '141108000', '141100000', 'Balakbak'),
('141108002', '141108000', '141100000', 'Beleng-Belis'),
('141108003', '141108000', '141100000', 'Boklaoan'),
('141108004', '141108000', '141100000', 'Cayapes'),
('141108006', '141108000', '141100000', 'Cuba'),
('141108008', '141108000', '141100000', 'Datakan'),
('141108009', '141108000', '141100000', 'Gadang'),
('141108010', '141108000', '141100000', 'Gasweling'),
('141108011', '141108000', '141100000', 'Labueg'),
('141108013', '141108000', '141100000', 'Paykek'),
('141108014', '141108000', '141100000', 'Poblacion Central'),
('141108015', '141108000', '141100000', 'Pudong'),
('141108016', '141108000', '141100000', 'Pongayan'),
('141108017', '141108000', '141100000', 'Sagubo'),
('141108018', '141108000', '141100000', 'Taba-Ao'),
('141109001', '141109000', '141100000', 'Badeo'),
('141109002', '141109000', '141100000', 'Lubo'),
('141109003', '141109000', '141100000', 'Madaymen'),
('141109004', '141109000', '141100000', 'Palina'),
('141109005', '141109000', '141100000', 'Poblacion'),
('141109006', '141109000', '141100000', 'Sagpat'),
('141109007', '141109000', '141100000', 'Tacadang'),
('141110001', '141110000', '141100000', 'Alapang'),
('141110002', '141110000', '141100000', 'Alno'),
('141110003', '141110000', '141100000', 'Ambiong'),
('141110004', '141110000', '141100000', 'Bahong'),
('141110005', '141110000', '141100000', 'Balili'),
('141110006', '141110000', '141100000', 'Beckel'),
('141110007', '141110000', '141100000', 'Bineng'),
('141110008', '141110000', '141100000', 'Betag'),
('141110009', '141110000', '141100000', 'Cruz'),
('141110010', '141110000', '141100000', 'Lubas'),
('141110011', '141110000', '141100000', 'Pico'),
('141110012', '141110000', '141100000', 'Poblacion'),
('141110013', '141110000', '141100000', 'Puguis'),
('141110014', '141110000', '141100000', 'Shilan'),
('141110015', '141110000', '141100000', 'Tawang'),
('141110016', '141110000', '141100000', 'Wangal'),
('141111001', '141111000', '141100000', 'Balili'),
('141111002', '141111000', '141100000', 'Bedbed'),
('141111003', '141111000', '141100000', 'Bulalacao'),
('141111004', '141111000', '141100000', 'Cabiten'),
('141111005', '141111000', '141100000', 'Colalo'),
('141111006', '141111000', '141100000', 'Guinaoang'),
('141111008', '141111000', '141100000', 'Paco'),
('141111009', '141111000', '141100000', 'Palasaan'),
('141111010', '141111000', '141100000', 'Poblacion'),
('141111011', '141111000', '141100000', 'Sapid'),
('141111012', '141111000', '141100000', 'Tabio'),
('141111013', '141111000', '141100000', 'Taneg'),
('141111014', '141111000', '141100000', 'Suyoc'),
('141112002', '141112000', '141100000', 'Bagong'),
('141112003', '141112000', '141100000', 'Balluay'),
('141112004', '141112000', '141100000', 'Banangan'),
('141112005', '141112000', '141100000', 'Banengbeng'),
('141112006', '141112000', '141100000', 'Bayabas'),
('141112007', '141112000', '141100000', 'Kamog'),
('141112010', '141112000', '141100000', 'Pappa'),
('141112011', '141112000', '141100000', 'Poblacion'),
('141113001', '141113000', '141100000', 'Ansagan'),
('141113002', '141113000', '141100000', 'Camp One'),
('141113003', '141113000', '141100000', 'Camp 3'),
('141113004', '141113000', '141100000', 'Camp 4'),
('141113006', '141113000', '141100000', 'Nangalisan'),
('141113007', '141113000', '141100000', 'Poblacion'),
('141113008', '141113000', '141100000', 'San Pascual'),
('141113009', '141113000', '141100000', 'Tabaan Norte'),
('141113010', '141113000', '141100000', 'Tabaan Sur'),
('141113011', '141113000', '141100000', 'Tadiangan'),
('141113012', '141113000', '141100000', 'Taloy Norte'),
('141113013', '141113000', '141100000', 'Taloy Sur'),
('141113014', '141113000', '141100000', 'Twin Peaks'),
('141114001', '141114000', '141100000', 'Ambassador'),
('141114002', '141114000', '141100000', 'Ambongdolan'),
('141114003', '141114000', '141100000', 'Ba-Ayan'),
('141114004', '141114000', '141100000', 'Basil'),
('141114005', '141114000', '141100000', 'Daclan'),
('141114006', '141114000', '141100000', 'Caponga (Poblacion)'),
('141114007', '141114000', '141100000', 'Tublay Central'),
('141114008', '141114000', '141100000', 'Tuel'),
('142701001', '142701000', '142700000', 'Amganad'),
('142701002', '142701000', '142700000', 'Anaba'),
('142701003', '142701000', '142700000', 'Bangaan'),
('142701004', '142701000', '142700000', 'Batad'),
('142701005', '142701000', '142700000', 'Bocos'),
('142701007', '142701000', '142700000', 'Banao'),
('142701009', '142701000', '142700000', 'Cambulo'),
('142701010', '142701000', '142700000', 'Ducligan'),
('142701011', '142701000', '142700000', 'Gohang'),
('142701013', '142701000', '142700000', 'Kinakin'),
('142701016', '142701000', '142700000', 'Poblacion'),
('142701017', '142701000', '142700000', 'Poitan'),
('142701018', '142701000', '142700000', 'San Fernando'),
('142701021', '142701000', '142700000', 'Balawis'),
('142701022', '142701000', '142700000', 'Uhaj'),
('142701023', '142701000', '142700000', 'Tam-An'),
('142701024', '142701000', '142700000', 'View Point'),
('142701025', '142701000', '142700000', 'Pula'),
('142702001', '142702000', '142700000', 'Abatan'),
('142702004', '142702000', '142700000', 'Bangbang'),
('142702010', '142702000', '142700000', 'Maggok'),
('142702011', '142702000', '142700000', 'Poblacion'),
('142702018', '142702000', '142700000', 'Bokiawan'),
('142702019', '142702000', '142700000', 'Hapao'),
('142702020', '142702000', '142700000', 'Lubo-Ong'),
('142702021', '142702000', '142700000', 'Nungulunan'),
('142702022', '142702000', '142700000', 'Ba-Ang'),
('142703001', '142703000', '142700000', 'Ambabag'),
('142703004', '142703000', '142700000', 'Baguinge'),
('142703005', '142703000', '142700000', 'Bokiawan'),
('142703008', '142703000', '142700000', 'Dalligan'),
('142703009', '142703000', '142700000', 'Duit'),
('142703011', '142703000', '142700000', 'Hucab'),
('142703012', '142703000', '142700000', 'Julongan'),
('142703013', '142703000', '142700000', 'Lingay'),
('142703014', '142703000', '142700000', 'Mungayang'),
('142703015', '142703000', '142700000', 'Nagacadan'),
('142703017', '142703000', '142700000', 'Pindongan'),
('142703018', '142703000', '142700000', 'Poblacion'),
('142703020', '142703000', '142700000', 'Tuplac'),
('142703021', '142703000', '142700000', 'Bolog'),
('142704001', '142704000', '142700000', 'Abinuan'),
('142704003', '142704000', '142700000', 'Banga'),
('142704005', '142704000', '142700000', 'Boliwong'),
('142704006', '142704000', '142700000', 'Burnay'),
('142704008', '142704000', '142700000', 'Buyabuyan'),
('142704009', '142704000', '142700000', 'Caba'),
('142704010', '142704000', '142700000', 'Cudog'),
('142704011', '142704000', '142700000', 'Dulao'),
('142704013', '142704000', '142700000', 'Jucbong'),
('142704014', '142704000', '142700000', 'Luta'),
('142704016', '142704000', '142700000', 'Montabiong'),
('142704018', '142704000', '142700000', 'Olilicon'),
('142704020', '142704000', '142700000', 'Poblacion South'),
('142704021', '142704000', '142700000', 'Ponghal'),
('142704022', '142704000', '142700000', 'Pullaan'),
('142704023', '142704000', '142700000', 'Tungngod'),
('142704024', '142704000', '142700000', 'Tupaya'),
('142704026', '142704000', '142700000', 'Poblacion East'),
('142704027', '142704000', '142700000', 'Poblacion North'),
('142704028', '142704000', '142700000', 'Poblacion West'),
('142705002', '142705000', '142700000', 'Ambasa'),
('142705004', '142705000', '142700000', 'Hapid'),
('142705005', '142705000', '142700000', 'Lawig'),
('142705006', '142705000', '142700000', 'Lucban'),
('142705007', '142705000', '142700000', 'Mabatobato (Lamut)'),
('142705008', '142705000', '142700000', 'Magulon'),
('142705009', '142705000', '142700000', 'Nayon'),
('142705010', '142705000', '142700000', 'Panopdopan'),
('142705011', '142705000', '142700000', 'Payawan'),
('142705012', '142705000', '142700000', 'Pieza'),
('142705013', '142705000', '142700000', 'Poblacion East'),
('142705014', '142705000', '142700000', 'Pugol (Ifugao Reservation)'),
('142705015', '142705000', '142700000', 'Salamague'),
('142705016', '142705000', '142700000', 'Bimpal'),
('142705017', '142705000', '142700000', 'Holowon'),
('142705018', '142705000', '142700000', 'Poblacion West'),
('142705019', '142705000', '142700000', 'Sanafe'),
('142705020', '142705000', '142700000', 'Umilag'),
('142706001', '142706000', '142700000', 'Aduyongan'),
('142706002', '142706000', '142700000', 'Alimit'),
('142706003', '142706000', '142700000', 'Ayangan'),
('142706004', '142706000', '142700000', 'Balangbang'),
('142706005', '142706000', '142700000', 'Banao'),
('142706006', '142706000', '142700000', 'Banhal'),
('142706007', '142706000', '142700000', 'Bongan'),
('142706009', '142706000', '142700000', 'Buninan'),
('142706010', '142706000', '142700000', 'Chaya'),
('142706011', '142706000', '142700000', 'Chumang'),
('142706014', '142706000', '142700000', 'Guinihon'),
('142706015', '142706000', '142700000', 'Inwaloy'),
('142706018', '142706000', '142700000', 'Langayan'),
('142706019', '142706000', '142700000', 'Liwo'),
('142706020', '142706000', '142700000', 'Maga'),
('142706021', '142706000', '142700000', 'Magulon'),
('142706022', '142706000', '142700000', 'Mapawoy'),
('142706023', '142706000', '142700000', 'Mayoyao Proper'),
('142706024', '142706000', '142700000', 'Mongol'),
('142706025', '142706000', '142700000', 'Nalbu'),
('142706026', '142706000', '142700000', 'Nattum'),
('142706027', '142706000', '142700000', 'Palaad'),
('142706028', '142706000', '142700000', 'Poblacion'),
('142706030', '142706000', '142700000', 'Talboc'),
('142706033', '142706000', '142700000', 'Tulaed'),
('142706035', '142706000', '142700000', 'Bato-Alatbang'),
('142706036', '142706000', '142700000', 'Epeng'),
('142707001', '142707000', '142700000', 'Bangar'),
('142707002', '142707000', '142700000', 'Busilac'),
('142707003', '142707000', '142700000', 'Calimag'),
('142707004', '142707000', '142700000', 'Calupaan'),
('142707005', '142707000', '142700000', 'Caragasan'),
('142707006', '142707000', '142700000', 'Dolowog'),
('142707007', '142707000', '142700000', 'Kiling'),
('142707008', '142707000', '142700000', 'Namnama'),
('142707009', '142707000', '142700000', 'Namillangan'),
('142707010', '142707000', '142700000', 'Pinto'),
('142707011', '142707000', '142700000', 'Potia Proper'),
('142707013', '142707000', '142700000', 'San Jose'),
('142707014', '142707000', '142700000', 'San Juan'),
('142707015', '142707000', '142700000', 'San Marcos'),
('142707016', '142707000', '142700000', 'San Quintin'),
('142707017', '142707000', '142700000', 'Santa Maria'),
('142707018', '142707000', '142700000', 'Santo Domingo (Cabicalan)'),
('142707019', '142707000', '142700000', 'Little Tadian'),
('142707020', '142707000', '142700000', 'Ngileb'),
('142707021', '142707000', '142700000', 'Laya'),
('142708001', '142708000', '142700000', 'Awayan'),
('142708002', '142708000', '142700000', 'Bunhian'),
('142708003', '142708000', '142700000', 'Butac'),
('142708004', '142708000', '142700000', 'Chalalo'),
('142708005', '142708000', '142700000', 'Damag'),
('142708006', '142708000', '142700000', 'Galonogon'),
('142708007', '142708000', '142700000', 'Halag'),
('142708008', '142708000', '142700000', 'Itab'),
('142708009', '142708000', '142700000', 'Jacmal'),
('142708010', '142708000', '142700000', 'Majlong'),
('142708011', '142708000', '142700000', 'Mongayang'),
('142708012', '142708000', '142700000', 'Posnaan'),
('142708013', '142708000', '142700000', 'Ta-Ang'),
('142708014', '142708000', '142700000', 'Talite'),
('142708015', '142708000', '142700000', 'Ubao'),
('142708016', '142708000', '142700000', 'Buwag'),
('142709001', '142709000', '142700000', 'Anao'),
('142709002', '142709000', '142700000', 'Bangtinon'),
('142709003', '142709000', '142700000', 'Bitu'),
('142709004', '142709000', '142700000', 'Cababuyan South'),
('142709005', '142709000', '142700000', 'Mompolia'),
('142709006', '142709000', '142700000', 'Namulditan'),
('142709007', '142709000', '142700000', 'O-Ong'),
('142709008', '142709000', '142700000', 'Piwong'),
('142709009', '142709000', '142700000', 'Poblacion'),
('142709010', '142709000', '142700000', 'Ubuag'),
('142709011', '142709000', '142700000', 'Umalbong'),
('142709012', '142709000', '142700000', 'Northern Cababuyan'),
('142709020', '142709000', '142700000', 'Pitawan, O-Ong'),
('142709093', '142709000', '142700000', 'Humalophop, Mompolia'),
('142710001', '142710000', '142700000', 'Ahin'),
('142710002', '142710000', '142700000', 'Ap-Apid'),
('142710003', '142710000', '142700000', 'Binablayan'),
('142710004', '142710000', '142700000', 'Danggo'),
('142710005', '142710000', '142700000', 'Eheb'),
('142710006', '142710000', '142700000', 'Gumhang'),
('142710007', '142710000', '142700000', 'Impugong'),
('142710008', '142710000', '142700000', 'Luhong'),
('142710009', '142710000', '142700000', 'Poblacion'),
('142710010', '142710000', '142700000', 'Tukucan'),
('142710011', '142710000', '142700000', 'Tulludan'),
('142710012', '142710000', '142700000', 'Wangwang'),
('142711001', '142711000', '142700000', 'Amduntog'),
('142711002', '142711000', '142700000', 'Antipolo'),
('142711003', '142711000', '142700000', 'Camandag'),
('142711004', '142711000', '142700000', 'Cawayan'),
('142711005', '142711000', '142700000', 'Haliap'),
('142711006', '142711000', '142700000', 'Namal'),
('142711007', '142711000', '142700000', 'Nungawa'),
('142711008', '142711000', '142700000', 'Panubtuban'),
('142711009', '142711000', '142700000', 'Pula'),
('142711010', '142711000', '142700000', 'Liwon, Amduntog'),
('142711011', '142711000', '142700000', 'Camandag (Duli-Sez)'),
('142711012', '142711000', '142700000', 'Camandag (Natcak-Sez)'),
('14271104a', '142711000', '142700000', 'Cawayan (Maloy)'),
('14271106a', '142711000', '142700000', 'Namal (Nampaling)'),
('14271106b', '142711000', '142700000', 'Namal (Nangkatengey)'),
('143201001', '143201000', '143200000', 'Ab-Abaan'),
('143201002', '143201000', '143200000', 'Balantoy'),
('143201003', '143201000', '143200000', 'Balbalan Proper'),
('143201004', '143201000', '143200000', 'Balbalasang'),
('143201005', '143201000', '143200000', 'Buaya'),
('143201006', '143201000', '143200000', 'Dao-Angan'),
('143201007', '143201000', '143200000', 'Gawa-An'),
('143201009', '143201000', '143200000', 'Mabaca'),
('143201010', '143201000', '143200000', 'Maling (Kabugao)'),
('143201011', '143201000', '143200000', 'Pantikian'),
('143201012', '143201000', '143200000', 'Poswoy'),
('143201013', '143201000', '143200000', 'Poblacion (Salegseg)'),
('143201015', '143201000', '143200000', 'Talalang'),
('143201016', '143201000', '143200000', 'Tawang'),
('143206001', '143206000', '143200000', 'Dangoy'),
('143206002', '143206000', '143200000', 'Mabilong'),
('143206003', '143206000', '143200000', 'Mabongtot'),
('143206004', '143206000', '143200000', 'Poblacion'),
('143206005', '143206000', '143200000', 'Tanglag'),
('143206006', '143206000', '143200000', 'Lower Uma'),
('143206007', '143206000', '143200000', 'Upper Uma'),
('143206008', '143206000', '143200000', 'Antonio Canao'),
('143206009', '143206000', '143200000', 'Uma Del Norte (Western Luna Uma)'),
('143208001', '143208000', '143200000', 'Ableg'),
('143208002', '143208000', '143200000', 'Balatoc'),
('143208003', '143208000', '143200000', 'Balinciagao Norte'),
('143208005', '143208000', '143200000', 'Cagaluan'),
('143208007', '143208000', '143200000', 'Colayo'),
('143208008', '143208000', '143200000', 'Dalupa'),
('143208009', '143208000', '143200000', 'Dangtalan'),
('143208010', '143208000', '143200000', 'Galdang (Casaloan)'),
('143208011', '143208000', '143200000', 'Guina-Ang (Pob.)'),
('143208012', '143208000', '143200000', 'Magsilay'),
('143208013', '143208000', '143200000', 'Malucsad'),
('143208014', '143208000', '143200000', 'Pugong'),
('143208015', '143208000', '143200000', 'Balenciagao Sur'),
('143208016', '143208000', '143200000', 'Bagtayan'),
('143209001', '143209000', '143200000', 'Aciga'),
('143209002', '143209000', '143200000', 'Allaguia'),
('143209003', '143209000', '143200000', 'Ammacian'),
('143209004', '143209000', '143200000', 'Apatan'),
('143209005', '143209000', '143200000', 'Ba-Ay'),
('143209006', '143209000', '143200000', 'Ballayangon'),
('143209007', '143209000', '143200000', 'Bayao'),
('143209008', '143209000', '143200000', 'Wagud'),
('143209009', '143209000', '143200000', 'Camalog'),
('143209010', '143209000', '143200000', 'Katabbogan'),
('143209011', '143209000', '143200000', 'Dugpa'),
('143209012', '143209000', '143200000', 'Cawagayan'),
('143209013', '143209000', '143200000', 'Asibanglan'),
('143209014', '143209000', '143200000', 'Limos'),
('143209015', '143209000', '143200000', 'Magaogao'),
('143209016', '143209000', '143200000', 'Malagnat'),
('143209018', '143209000', '143200000', 'Mapaco'),
('143209019', '143209000', '143200000', 'Pakawit'),
('143209020', '143209000', '143200000', 'Pinukpuk Junction'),
('143209021', '143209000', '143200000', 'Socbot'),
('143209022', '143209000', '143200000', 'Taga (Pob.)'),
('143209023', '143209000', '143200000', 'Pinococ'),
('143209024', '143209000', '143200000', 'Taggay'),
('143211001', '143211000', '143200000', 'Babalag East (Pob.)'),
('143211002', '143211000', '143200000', 'Calaocan'),
('143211005', '143211000', '143200000', 'Kinama'),
('143211006', '143211000', '143200000', 'Liwan East'),
('143211007', '143211000', '143200000', 'Liwan West'),
('143211008', '143211000', '143200000', 'Macutay'),
('143211011', '143211000', '143200000', 'San Pascual'),
('143211012', '143211000', '143200000', 'San Quintin'),
('143211014', '143211000', '143200000', 'Santor'),
('143211015', '143211000', '143200000', 'Babalag West (Pob.)'),
('143211016', '143211000', '143200000', 'Bulbol'),
('143211017', '143211000', '143200000', 'Romualdez'),
('143211018', '143211000', '143200000', 'San Francisco'),
('143211019', '143211000', '143200000', 'San Pedro'),
('143213001', '143213000', '143200000', 'Agbannawag'),
('143213002', '143213000', '143200000', 'Amlao'),
('143213003', '143213000', '143200000', 'Appas'),
('143213004', '143213000', '143200000', 'Bagumbayan'),
('143213005', '143213000', '143200000', 'Balawag'),
('143213006', '143213000', '143200000', 'Balong'),
('143213007', '143213000', '143200000', 'Bantay'),
('143213008', '143213000', '143200000', 'Bulanao'),
('143213009', '143213000', '143200000', 'Cabaritan'),
('143213010', '143213000', '143200000', 'Cabaruan'),
('143213011', '143213000', '143200000', 'Calaccad'),
('143213012', '143213000', '143200000', 'Calanan'),
('143213013', '143213000', '143200000', 'Dilag'),
('143213014', '143213000', '143200000', 'Dupag'),
('143213015', '143213000', '143200000', 'Gobgob'),
('143213016', '143213000', '143200000', 'Guilayon'),
('143213017', '143213000', '143200000', 'Lanna'),
('143213018', '143213000', '143200000', 'Laya East'),
('143213019', '143213000', '143200000', 'Laya West'),
('143213020', '143213000', '143200000', 'Lucog'),
('143213021', '143213000', '143200000', 'Magnao'),
('143213022', '143213000', '143200000', 'Magsaysay'),
('143213023', '143213000', '143200000', 'Malalao'),
('143213024', '143213000', '143200000', 'Masablang'),
('143213025', '143213000', '143200000', 'Nambaran'),
('143213026', '143213000', '143200000', 'Nambucayan'),
('143213027', '143213000', '143200000', 'Naneng'),
('143213029', '143213000', '143200000', 'Dagupan Centro (Pob.)'),
('143213030', '143213000', '143200000', 'San Juan'),
('143213031', '143213000', '143200000', 'Suyang'),
('143213032', '143213000', '143200000', 'Tuga'),
('143213033', '143213000', '143200000', 'Bado Dangwa'),
('143213034', '143213000', '143200000', 'Bulo'),
('143213035', '143213000', '143200000', 'Casigayan'),
('143213036', '143213000', '143200000', 'Cudal'),
('143213037', '143213000', '143200000', 'Dagupan Weste'),
('143213038', '143213000', '143200000', 'Lacnog'),
('143213039', '143213000', '143200000', 'Malin-Awa'),
('143213040', '143213000', '143200000', 'New Tanglag'),
('143213041', '143213000', '143200000', 'San Julian'),
('143213042', '143213000', '143200000', 'Bulanao Norte'),
('143213043', '143213000', '143200000', 'Ipil'),
('143214001', '143214000', '143200000', 'Anggacan'),
('143214002', '143214000', '143200000', 'Babbanoy'),
('143214003', '143214000', '143200000', 'Dacalan'),
('143214004', '143214000', '143200000', 'Gaang'),
('143214005', '143214000', '143200000', 'Lower Mangali'),
('143214006', '143214000', '143200000', 'Lower Taloctoc'),
('143214007', '143214000', '143200000', 'Lower Lubo'),
('143214008', '143214000', '143200000', 'Upper Lubo'),
('143214009', '143214000', '143200000', 'Mabaca'),
('143214010', '143214000', '143200000', 'Pangol'),
('143214011', '143214000', '143200000', 'Poblacion'),
('143214013', '143214000', '143200000', 'Upper Taloctoc'),
('143214014', '143214000', '143200000', 'Anggacan Sur'),
('143214015', '143214000', '143200000', 'Dupligan'),
('143214016', '143214000', '143200000', 'Lay-Asan'),
('143214017', '143214000', '143200000', 'Mangali Centro'),
('143215001', '143215000', '143200000', 'Ambato Legleg'),
('143215003', '143215000', '143200000', 'Bangad Centro'),
('143215004', '143215000', '143200000', 'Basao'),
('143215006', '143215000', '143200000', 'Belong Manubal'),
('143215007', '143215000', '143200000', 'Butbut (Butbut-Ngibat)'),
('143215008', '143215000', '143200000', 'Bugnay'),
('143215009', '143215000', '143200000', 'Buscalan (Buscalan-Locong)'),
('143215010', '143215000', '143200000', 'Dananao'),
('143215011', '143215000', '143200000', 'Loccong'),
('143215012', '143215000', '143200000', 'Luplupa'),
('143215013', '143215000', '143200000', 'Mallango'),
('143215014', '143215000', '143200000', 'Poblacion'),
('143215016', '143215000', '143200000', 'Sumadel 1'),
('143215017', '143215000', '143200000', 'Sumadel 2'),
('143215018', '143215000', '143200000', 'Tulgao East'),
('143215019', '143215000', '143200000', 'Tulgao West'),
('143215020', '143215000', '143200000', 'Upper Bangad'),
('143215021', '143215000', '143200000', 'Ngibat'),
('143215022', '143215000', '143200000', 'Old Tinglayan'),
('143215023', '143215000', '143200000', 'Lower Bangad'),
('144401001', '144401000', '144400000', 'Chupac'),
('144401002', '144401000', '144400000', 'Fiangtin'),
('144401003', '144401000', '144400000', 'Kaleo'),
('144401005', '144401000', '144400000', 'Latang'),
('144401006', '144401000', '144400000', 'Lias Kanluran'),
('144401007', '144401000', '144400000', 'Lingoy'),
('144401008', '144401000', '144400000', 'Lunas'),
('144401009', '144401000', '144400000', 'Macalana'),
('144401010', '144401000', '144400000', 'Ogoog'),
('144401011', '144401000', '144400000', 'Gawana (Pob.)'),
('144401012', '144401000', '144400000', 'Lias Silangan'),
('144402001', '144402000', '144400000', 'Abatan'),
('144402002', '144402000', '144400000', 'Bagnen Oriente'),
('144402003', '144402000', '144400000', 'Bagnen Proper'),
('144402004', '144402000', '144400000', 'Balintaugan'),
('144402005', '144402000', '144400000', 'Banao'),
('144402006', '144402000', '144400000', 'Bila (Bua)'),
('144402007', '144402000', '144400000', 'Guinzadan Central'),
('144402008', '144402000', '144400000', 'Guinzadan Norte'),
('144402009', '144402000', '144400000', 'Guinzadan Sur'),
('144402010', '144402000', '144400000', 'Lagawa'),
('144402011', '144402000', '144400000', 'Leseb'),
('144402012', '144402000', '144400000', 'Mabaay'),
('144402013', '144402000', '144400000', 'Mayag'),
('144402014', '144402000', '144400000', 'Monamon Norte'),
('144402015', '144402000', '144400000', 'Monamon Sur'),
('144402016', '144402000', '144400000', 'Mount Data'),
('144402018', '144402000', '144400000', 'Otucan Norte'),
('144402019', '144402000', '144400000', 'Otucan Sur'),
('144402020', '144402000', '144400000', 'Poblacion (Bauko)'),
('144402021', '144402000', '144400000', 'Sadsadan'),
('144402022', '144402000', '144400000', 'Sinto'),
('144402023', '144402000', '144400000', 'Tapapan'),
('144403001', '144403000', '144400000', 'Agawa'),
('144403002', '144403000', '144400000', 'Ambaguio'),
('144403003', '144403000', '144400000', 'Banguitan'),
('144403004', '144403000', '144400000', 'Besao East (Besao Proper)'),
('144403005', '144403000', '144400000', 'Besao West'),
('144403006', '144403000', '144400000', 'Catengan'),
('144403007', '144403000', '144400000', 'Gueday'),
('144403009', '144403000', '144400000', 'Lacmaan');
INSERT INTO `tblbarangays` (`bar_code`, `mun_code`, `prov_code`, `bar_name`) VALUES
('144403010', '144403000', '144400000', 'Laylaya'),
('144403011', '144403000', '144400000', 'Padangan'),
('144403012', '144403000', '144400000', 'Payeo'),
('144403013', '144403000', '144400000', 'Suquib'),
('144403014', '144403000', '144400000', 'Tamboan'),
('144403015', '144403000', '144400000', 'Kin-Iway (Pob.)'),
('144404001', '144404000', '144400000', 'Alab Proper'),
('144404002', '144404000', '144400000', 'Alab Oriente'),
('144404003', '144404000', '144400000', 'Balili'),
('144404004', '144404000', '144400000', 'Bayyo'),
('144404005', '144404000', '144400000', 'Bontoc Ili'),
('144404006', '144404000', '144400000', 'Caneo'),
('144404007', '144404000', '144400000', 'Dalican'),
('144404009', '144404000', '144400000', 'Gonogon'),
('144404010', '144404000', '144400000', 'Guinaang'),
('144404011', '144404000', '144400000', 'Mainit'),
('144404012', '144404000', '144400000', 'Maligcong'),
('144404013', '144404000', '144400000', 'Samoki'),
('144404014', '144404000', '144400000', 'Talubin'),
('144404015', '144404000', '144400000', 'Tocucan'),
('144404016', '144404000', '144400000', 'Poblacion (Bontoc)'),
('144404017', '144404000', '144400000', 'Calutit'),
('144405001', '144405000', '144400000', 'Alunogan'),
('144405002', '144405000', '144400000', 'Balangao'),
('144405003', '144405000', '144400000', 'Banao'),
('144405004', '144405000', '144400000', 'Banawel'),
('144405005', '144405000', '144400000', 'Butac'),
('144405006', '144405000', '144400000', 'Maducayan'),
('144405007', '144405000', '144400000', 'Poblacion'),
('144405008', '144405000', '144400000', 'Saliok'),
('144405009', '144405000', '144400000', 'Santa Isabel'),
('144405010', '144405000', '144400000', 'Tonglayan'),
('144405011', '144405000', '144400000', 'Pudo'),
('144406001', '144406000', '144400000', 'Anonat'),
('144406002', '144406000', '144400000', 'Bacarri'),
('144406003', '144406000', '144400000', 'Bananao'),
('144406004', '144406000', '144400000', 'Bantay'),
('144406005', '144406000', '144400000', 'Butigue'),
('144406006', '144406000', '144400000', 'Bunot'),
('144406007', '144406000', '144400000', 'Buringal'),
('144406008', '144406000', '144400000', 'Palitod'),
('144406009', '144406000', '144400000', 'Poblacion'),
('144407001', '144407000', '144400000', 'Bao-Angan'),
('144407002', '144407000', '144400000', 'Bun-Ayan'),
('144407003', '144407000', '144400000', 'Busa'),
('144407004', '144407000', '144400000', 'Camatagan'),
('144407005', '144407000', '144400000', 'Capinitan'),
('144407006', '144407000', '144400000', 'Data'),
('144407007', '144407000', '144400000', 'Gayang'),
('144407008', '144407000', '144400000', 'Lagan'),
('144407009', '144407000', '144400000', 'Losad'),
('144407010', '144407000', '144400000', 'Namatec'),
('144407011', '144407000', '144400000', 'Napua'),
('144407012', '144407000', '144400000', 'Pingad'),
('144407013', '144407000', '144400000', 'Poblacion'),
('144407014', '144407000', '144400000', 'Supang'),
('144407015', '144407000', '144400000', 'Tambingan'),
('144408001', '144408000', '144400000', 'Anabel'),
('144408002', '144408000', '144400000', 'Belwang'),
('144408003', '144408000', '144400000', 'Betwagan'),
('144408004', '144408000', '144400000', 'Bekigan'),
('144408005', '144408000', '144400000', 'Poblacion'),
('144408006', '144408000', '144400000', 'Sacasacan'),
('144408007', '144408000', '144400000', 'Saclit'),
('144408008', '144408000', '144400000', 'Demang'),
('144409001', '144409000', '144400000', 'Aguid'),
('144409002', '144409000', '144400000', 'Tetepan Sur'),
('144409003', '144409000', '144400000', 'Ambasing'),
('144409004', '144409000', '144400000', 'Angkeling'),
('144409005', '144409000', '144400000', 'Antadao'),
('144409006', '144409000', '144400000', 'Balugan'),
('144409007', '144409000', '144400000', 'Bangaan'),
('144409008', '144409000', '144400000', 'Dagdag (Pob.)'),
('144409009', '144409000', '144400000', 'Demang (Pob.)'),
('144409010', '144409000', '144400000', 'Fidelisan'),
('144409011', '144409000', '144400000', 'Kilong'),
('144409012', '144409000', '144400000', 'Madongo'),
('144409013', '144409000', '144400000', 'Payag-Eo'),
('144409014', '144409000', '144400000', 'Poblacion (Patay)'),
('144409015', '144409000', '144400000', 'Pide'),
('144409017', '144409000', '144400000', 'Nacagang'),
('144409018', '144409000', '144400000', 'Suyo'),
('144409019', '144409000', '144400000', 'Taccong'),
('144409020', '144409000', '144400000', 'Tanulong'),
('144409022', '144409000', '144400000', 'Tetepan Norte'),
('144410002', '144410000', '144400000', 'Balaoa'),
('144410003', '144410000', '144400000', 'Banaao'),
('144410004', '144410000', '144400000', 'Bantey'),
('144410005', '144410000', '144400000', 'Batayan'),
('144410006', '144410000', '144400000', 'Bunga'),
('144410007', '144410000', '144400000', 'Cadad-Anan'),
('144410008', '144410000', '144400000', 'Cagubatan'),
('144410009', '144410000', '144400000', 'Duagan'),
('144410010', '144410000', '144400000', 'Dacudac'),
('144410011', '144410000', '144400000', 'Kayan East'),
('144410012', '144410000', '144400000', 'Lenga'),
('144410013', '144410000', '144400000', 'Lubon'),
('144410014', '144410000', '144400000', 'Mabalite'),
('144410015', '144410000', '144400000', 'Masla'),
('144410016', '144410000', '144400000', 'Pandayan'),
('144410017', '144410000', '144400000', 'Poblacion'),
('144410018', '144410000', '144400000', 'Sumadel'),
('144410019', '144410000', '144400000', 'Tue'),
('144410020', '144410000', '144400000', 'Kayan West'),
('148101001', '148101000', '148100000', 'Butao'),
('148101002', '148101000', '148100000', 'Cadaclan'),
('148101003', '148101000', '148100000', 'Langnao'),
('148101004', '148101000', '148100000', 'Ferdinand (Lubong)'),
('148101005', '148101000', '148100000', 'Naguilian'),
('148101006', '148101000', '148100000', 'Namaltugan'),
('148101007', '148101000', '148100000', 'Poblacion'),
('148101008', '148101000', '148100000', 'Sabangan'),
('148101009', '148101000', '148100000', 'Santa Filomena'),
('148101010', '148101000', '148100000', 'Tubongan'),
('148101011', '148101000', '148100000', 'Tanglagan'),
('148101012', '148101000', '148100000', 'Ninoy Aquino, Jr. (Tubang)'),
('148101013', '148101000', '148100000', 'Don Roque Ablan Sr.'),
('148101014', '148101000', '148100000', 'Eleazar'),
('148101015', '148101000', '148100000', 'Eva Garden (Eva Puzon)'),
('148101016', '148101000', '148100000', 'Kabugawan'),
('148101017', '148101000', '148100000', 'Macalino'),
('148101018', '148101000', '148100000', 'Santa Elena'),
('148101019', '148101000', '148100000', 'Parina'),
('148102001', '148102000', '148100000', 'Allangigan'),
('148102002', '148102000', '148100000', 'Buluan'),
('148102003', '148102000', '148100000', 'Caglayan (New Pob.)'),
('148102004', '148102000', '148100000', 'Calafug'),
('148102005', '148102000', '148100000', 'Cupis'),
('148102006', '148102000', '148100000', 'Daga'),
('148102007', '148102000', '148100000', 'Guinamgaman'),
('148102008', '148102000', '148100000', 'Karikitan'),
('148102009', '148102000', '148100000', 'Katablangan'),
('148102010', '148102000', '148100000', 'Malama'),
('148102011', '148102000', '148100000', 'Manag'),
('148102012', '148102000', '148100000', 'Nabuangan'),
('148102013', '148102000', '148100000', 'Paddaoan'),
('148102014', '148102000', '148100000', 'Puguin'),
('148102015', '148102000', '148100000', 'Ripang (Old Pob.)'),
('148102016', '148102000', '148100000', 'Sacpil'),
('148102017', '148102000', '148100000', 'Talifugo'),
('148102018', '148102000', '148100000', 'Banban'),
('148102019', '148102000', '148100000', 'Guinaang'),
('148102020', '148102000', '148100000', 'Ili'),
('148102021', '148102000', '148100000', 'Mawegui'),
('148103001', '148103000', '148100000', 'Allig'),
('148103002', '148103000', '148100000', 'Anninipan'),
('148103003', '148103000', '148100000', 'Atok'),
('148103004', '148103000', '148100000', 'Bagutong'),
('148103005', '148103000', '148100000', 'Balasi'),
('148103006', '148103000', '148100000', 'Balluyan'),
('148103008', '148103000', '148100000', 'Malayugan'),
('148103009', '148103000', '148100000', 'Malubibit Norte'),
('148103010', '148103000', '148100000', 'Poblacion East'),
('148103011', '148103000', '148100000', 'Tamalunog'),
('148103012', '148103000', '148100000', 'Mallig'),
('148103013', '148103000', '148100000', 'Malubibit Sur'),
('148103014', '148103000', '148100000', 'Poblacion West'),
('148103015', '148103000', '148100000', 'San Jose'),
('148103016', '148103000', '148100000', 'Santa Maria'),
('148103017', '148103000', '148100000', 'Upper Atok (Coliman)'),
('148104001', '148104000', '148100000', 'Badduat'),
('148104002', '148104000', '148100000', 'Baliwanan'),
('148104004', '148104000', '148100000', 'Bulu'),
('148104005', '148104000', '148100000', 'Dagara'),
('148104006', '148104000', '148100000', 'Dibagat'),
('148104007', '148104000', '148100000', 'Cabetayan'),
('148104008', '148104000', '148100000', 'Karagawan'),
('148104009', '148104000', '148100000', 'Kumao'),
('148104010', '148104000', '148100000', 'Laco'),
('148104011', '148104000', '148100000', 'Lenneng (Liyyeng)'),
('148104012', '148104000', '148100000', 'Lucab'),
('148104013', '148104000', '148100000', 'Luttuacan'),
('148104014', '148104000', '148100000', 'Madatag'),
('148104015', '148104000', '148100000', 'Madduang'),
('148104016', '148104000', '148100000', 'Magabta'),
('148104017', '148104000', '148100000', 'Maragat'),
('148104018', '148104000', '148100000', 'Musimut'),
('148104019', '148104000', '148100000', 'Nagbabalayan'),
('148104020', '148104000', '148100000', 'Poblacion'),
('148104021', '148104000', '148100000', 'Tuyangan'),
('148104022', '148104000', '148100000', 'Waga'),
('148105001', '148105000', '148100000', 'Bacsay'),
('148105002', '148105000', '148100000', 'Capagaypayan'),
('148105003', '148105000', '148100000', 'Dagupan'),
('148105004', '148105000', '148100000', 'Lappa'),
('148105006', '148105000', '148100000', 'Marag'),
('148105007', '148105000', '148100000', 'Poblacion'),
('148105008', '148105000', '148100000', 'Quirino'),
('148105009', '148105000', '148100000', 'Salvacion'),
('148105010', '148105000', '148100000', 'San Francisco'),
('148105011', '148105000', '148100000', 'San Isidro Norte'),
('148105012', '148105000', '148100000', 'San Sebastian'),
('148105013', '148105000', '148100000', 'Santa Lina'),
('148105014', '148105000', '148100000', 'Tumog'),
('148105015', '148105000', '148100000', 'Zumigui'),
('148105016', '148105000', '148100000', 'Cagandungan'),
('148105017', '148105000', '148100000', 'Calabigan'),
('148105018', '148105000', '148100000', 'Cangisitan'),
('148105019', '148105000', '148100000', 'Luyon'),
('148105020', '148105000', '148100000', 'San Gregorio'),
('148105021', '148105000', '148100000', 'San Isidro Sur'),
('148105022', '148105000', '148100000', 'Shalom'),
('148105023', '148105000', '148100000', 'Turod'),
('148106001', '148106000', '148100000', 'Aga'),
('148106002', '148106000', '148100000', 'Alem'),
('148106006', '148106000', '148100000', 'Cabatacan'),
('148106007', '148106000', '148100000', 'Cacalaggan'),
('148106009', '148106000', '148100000', 'Capannikian'),
('148106010', '148106000', '148100000', 'Lower Maton'),
('148106012', '148106000', '148100000', 'Malibang'),
('148106014', '148106000', '148100000', 'Mataguisi'),
('148106016', '148106000', '148100000', 'Poblacion'),
('148106017', '148106000', '148100000', 'San Antonio (Pugo)'),
('148106020', '148106000', '148100000', 'Swan'),
('148106021', '148106000', '148100000', 'Upper Maton'),
('148106022', '148106000', '148100000', 'Amado'),
('148106023', '148106000', '148100000', 'Aurora'),
('148106024', '148106000', '148100000', 'Doña Loreta'),
('148106025', '148106000', '148100000', 'Emilia'),
('148106026', '148106000', '148100000', 'Imelda'),
('148106027', '148106000', '148100000', 'Lt. Bilag'),
('148106028', '148106000', '148100000', 'Lydia'),
('148106029', '148106000', '148100000', 'San Jose'),
('148106030', '148106000', '148100000', 'San Luis'),
('148106031', '148106000', '148100000', 'San Mariano'),
('148107001', '148107000', '148100000', 'Barocboc'),
('148107002', '148107000', '148100000', 'Consuelo'),
('148107003', '148107000', '148100000', 'Imelda (Sipa Annex)'),
('148107004', '148107000', '148100000', 'Malekkeg'),
('148107005', '148107000', '148100000', 'Marcela (Pob.)'),
('148107006', '148107000', '148100000', 'Nueva'),
('148107007', '148107000', '148100000', 'Panay'),
('148107008', '148107000', '148100000', 'San Antonio'),
('148107011', '148107000', '148100000', 'Sipa Proper'),
('148107012', '148107000', '148100000', 'Emiliana'),
('148107013', '148107000', '148100000', 'San Carlos'),
('148107014', '148107000', '148100000', 'San Juan'),
('148107015', '148107000', '148100000', 'San Mariano');

-- --------------------------------------------------------

--
-- Table structure for table `tblmunicipalities`
--

CREATE TABLE `tblmunicipalities` (
  `mun_code` varchar(9) NOT NULL,
  `prov_code` varchar(9) NOT NULL,
  `mun_name` varchar(30) DEFAULT NULL
) ENGINE=InnoDB DEFAULT CHARSET=latin1;

--
-- Dumping data for table `tblmunicipalities`
--

INSERT INTO `tblmunicipalities` (`mun_code`, `prov_code`, `mun_name`) VALUES
('140101000', '140100000', 'Bangued'),
('140102000', '140100000', 'Boliney'),
('140103000', '140100000', 'Bucay'),
('140104000', '140100000', 'Bucloc'),
('140105000', '140100000', 'Daguioman'),
('140106000', '140100000', 'Danglas'),
('140107000', '140100000', 'Dolores'),
('140108000', '140100000', 'La Paz'),
('140109000', '140100000', 'Lacub'),
('140110000', '140100000', 'Lagangilang'),
('140111000', '140100000', 'Lagayan'),
('140112000', '140100000', 'Langiden'),
('140113000', '140100000', 'Licuan-Baay'),
('140114000', '140100000', 'Luba'),
('140115000', '140100000', 'Malibcong'),
('140116000', '140100000', 'Manabo'),
('140117000', '140100000', 'Peñarrubia'),
('140118000', '140100000', 'Pidigan'),
('140119000', '140100000', 'Pilar'),
('140120000', '140100000', 'Sallapadan'),
('140121000', '140100000', 'San Isidro'),
('140122000', '140100000', 'San Juan'),
('140123000', '140100000', 'San Quintin'),
('140124000', '140100000', 'Tayum'),
('140125000', '140100000', 'Tineg'),
('140126000', '140100000', 'Tubo'),
('140127000', '140100000', 'Villaviciosa'),
('141101000', '141100000', 'Atok'),
('141102000', '141102000', 'Baguio City'),
('141103000', '141100000', 'Bakun'),
('141104000', '141100000', 'Bokod'),
('141105000', '141100000', 'Buguias'),
('141106000', '141100000', 'Itogon'),
('141107000', '141100000', 'Kabayan'),
('141108000', '141100000', 'Kapangan'),
('141109000', '141100000', 'Kibungan'),
('141110000', '141100000', 'La Trinidad'),
('141111000', '141100000', 'Mankayan'),
('141112000', '141100000', 'Sablan'),
('141113000', '141100000', 'Tuba'),
('141114000', '141100000', 'Tublay'),
('142701000', '142700000', 'Banaue'),
('142702000', '142700000', 'Hungduan'),
('142703000', '142700000', 'Kiangan'),
('142704000', '142700000', 'Lagawe'),
('142705000', '142700000', 'Lamut'),
('142706000', '142700000', 'Mayoyao'),
('142707000', '142700000', 'Alfonso Lista'),
('142708000', '142700000', 'Aguinaldo'),
('142709000', '142700000', 'Hingyon'),
('142710000', '142700000', 'Tinoc'),
('142711000', '142700000', 'Asipulo'),
('143201000', '143200000', 'Balbalan'),
('143206000', '143200000', 'Lubuagan'),
('143208000', '143200000', 'Pasil'),
('143209000', '143200000', 'Pinukpuk'),
('143211000', '143200000', 'Rizal'),
('143213000', '143200000', 'Tabuk'),
('143214000', '143200000', 'Tanudan'),
('143215000', '143200000', 'Tinglayan'),
('144401000', '144400000', 'Barlig'),
('144402000', '144400000', 'Bauko'),
('144403000', '144400000', 'Besao'),
('144404000', '144400000', 'Bontoc'),
('144405000', '144400000', 'Natonin'),
('144406000', '144400000', 'Paracelis'),
('144407000', '144400000', 'Sabangan'),
('144408000', '144400000', 'Sadanga'),
('144409000', '144400000', 'Sagada'),
('144410000', '144400000', 'Tadian'),
('148101000', '148100000', 'Calanasan'),
('148102000', '148100000', 'Conner'),
('148103000', '148100000', 'Flora'),
('148104000', '148100000', 'Kabugao'),
('148105000', '148100000', 'Luna'),
('148106000', '148100000', 'Pudtol'),
('148107000', '148100000', 'Santa Marcela');

-- --------------------------------------------------------

--
-- Table structure for table `tblpensionerinfo`
--

CREATE TABLE `tblpensionerinfo` (
  `id` bigint(20) UNSIGNED NOT NULL,
  `spid` text DEFAULT NULL,
  `last_name` varchar(255) DEFAULT NULL,
  `first_name` varchar(255) DEFAULT NULL,
  `middle_name` varchar(255) DEFAULT NULL,
  `senior_citizen_id` varchar(255) DEFAULT NULL,
  `sex` varchar(255) DEFAULT NULL,
  `marital_status` varchar(255) DEFAULT NULL,
  `province` varchar(255) DEFAULT NULL,
  `municipality` varchar(255) DEFAULT NULL,
  `barangay` varchar(255) DEFAULT NULL,
  `birthdate` date DEFAULT NULL,
  `birthplace` varchar(255) DEFAULT NULL,
  `created_at` timestamp NULL DEFAULT NULL,
  `updated_at` timestamp NULL DEFAULT NULL
) ENGINE=InnoDB DEFAULT CHARSET=utf8mb4;

--
-- Dumping data for table `tblpensionerinfo`
--

INSERT INTO `tblpensionerinfo` (`id`, `spid`, `last_name`, `first_name`, `middle_name`, `senior_citizen_id`, `sex`, `marital_status`, `province`, `municipality`, `barangay`, `birthdate`, `birthplace`, `created_at`, `updated_at`) VALUES
(1, 'SP140102001-001', 'AGYAO ', 'LINGAYON', 'BATALAO', '147', 'F', 'WIDOWED', '140100000', '140100000', '140102001', '1920-04-04', 'BOLINEY, ABRA', NULL, NULL),
(2, 'SP140102001-002', 'AMANGAN ', 'MINIA', 'DOGAS', '129', 'F', 'SINGLE', '140100000', '140100000', '140102001', '1930-12-25', 'BOLINEY, ABRA', NULL, NULL),
(3, 'SP140102001-003', 'BAGSAO ', 'DALLOWAY', 'ISIGEN', '284', 'F', 'MARRIED', '140100000', '140100000', '140102001', '1955-01-20', 'BOLINEY, ABRA', NULL, NULL),
(4, 'SP140102001-004', 'BALANSI', 'AMADO', 'BITTANGA', '391', 'M', 'SINGLE', '140100000', '140100000', '140102001', '1953-01-21', 'BOLINEY, ABRA', NULL, NULL),
(5, 'SP140102001-005', 'BIDANG', 'LIBAYAN', 'BUCCASAN', '11', 'F', 'WIDOWED', '140100000', '140100000', '140102001', '1933-02-25', 'BOLINEY, ABRA', NULL, NULL),
(6, 'SP140102001-006', 'BONGTAYEN', 'JULIE', 'MANGOY', '357', 'F', 'MARRIED', '140100000', '140100000', '140102001', '1954-12-22', 'BOLINEY, ABRA', NULL, NULL),
(7, 'SP140102001-007', 'BRINGAS', 'MANOLO', 'GANNISI', '2012', 'M', 'MARRIED', '140100000', '140100000', '140102001', '1920-04-10', 'BOLINEY, ABRA', NULL, NULL),
(8, 'SP140102001-008', 'BUS-ANGAN', 'OYAM', 'MAYUGO', '240', 'M', 'MARRIED', '140100000', '140100000', '140102001', '1948-12-05', 'BOLINEY, ABRA', NULL, NULL),
(9, 'SP140102001-009', 'BUS-ANGAN', 'HELEN', 'LOMOAS', '358', 'F', 'MARRIED', '140100000', '140100000', '140102001', '1954-12-24', 'BOLINEY, ABRA', NULL, NULL),
(10, 'SP140102001-010', 'BUS-ANGAN', 'NENA', 'LACBONGAN', '371', 'F', 'WIDOWED', '140100000', '140100000', '140102001', '1952-11-22', 'BOLINEY, ABRA', NULL, NULL),
(11, 'SP140102001-011', 'CALNGAO', 'MELY', 'PALUTAM', '207', 'M', 'WIDOWED', '140100000', '140100000', '140102001', '1948-01-14', 'BOLINEY, ABRA', NULL, NULL),
(12, 'SP140102001-012', 'DAGUIO', 'ZENAIDA', 'LAGUICAO', '370', 'F', 'WIDOWED', '140100000', '140100000', '140102001', '1945-10-28', 'BOLINEY, ABRA', NULL, NULL),
(13, 'SP140102001-013', 'DALNAG', 'DOMINGA', 'LACBAWAN', '126', 'M', 'SINGLE', '140100000', '140100000', '140102001', '1935-08-01', 'BOLINEY, ABRA', NULL, NULL),
(14, 'SP140102001-014', 'DALNAG', 'CABANNAG', 'LACBAWAN', '360', 'M', 'SINGLE', '140100000', '140100000', '140102001', '1946-04-01', 'BOLINEY, ABRA', NULL, NULL),
(15, 'SP140102001-015', 'DAYAWEN', 'TOMAS', 'BUCCASAN', '124', 'M', 'MARRIED', '140100000', '140100000', '140102001', '1950-01-01', 'BOLINEY, ABRA', NULL, NULL),
(16, 'SP140102001-016', 'DAYAWEN', 'DOMINGA', 'BALINGAO', '362', 'M', 'MARRIED', '140100000', '140100000', '140102001', '1944-10-05', 'BOLINEY, ABRA', NULL, NULL),
(17, 'SP140102001-017', 'DUMAYOM', 'EDNA', 'GADIL', '410', 'F', 'MARRIED', '140100000', '140100000', '140102001', '1958-05-27', 'BOLINEY, ABRA', NULL, NULL),
(18, 'SP140102001-018', 'DUMAYOM', 'RUDY', 'BUCCASAN', '392', 'M', 'MARRIED', '140100000', '140100000', '140102001', '1955-03-25', 'BOLINEY, ABRA', NULL, NULL),
(19, 'SP140102001-019', 'GADIL', 'PEDRO', 'BUMUSAW', '92', 'M', 'WIDOWED', '140100000', '140100000', '140102001', '1930-04-18', 'BOLINEY, ABRA', NULL, NULL),
(20, 'SP140102001-020', 'GADIL', 'RITA', 'DAODAWEN', '4409', 'F', 'MARRIED', '140100000', '140100000', '140102001', '1958-05-04', 'BOLINEY, ABRA', NULL, NULL),
(21, 'SP140102001-021', 'LACBONGAN', 'ADELINA', 'LANGGOC', '322', 'F', 'SINGLE', '140100000', '140100000', '140102001', '1957-07-15', 'BOLINEY, ABRA', NULL, NULL),
(22, 'SP140102001-022', 'LACBONGAN', 'HENRY', 'LAYOGAN', '361', 'M', 'MARRIED', '140100000', '140100000', '140102001', '1954-12-24', 'BOLINEY, ABRA', NULL, NULL),
(23, 'SP140102001-023', 'LAWAD', 'SHIRLY', 'DAODAWEN', '290', 'F', 'WIDOWED', '140100000', '140100000', '140102001', '1942-12-23', 'BOLINEY, ABRA', NULL, NULL),
(24, 'SP140102001-024', 'LINGGAYO', 'ARSENIA', 'GANISI', '34', 'F', 'MARRIED', '140100000', '140100000', '140102001', '1935-05-08', 'BOLINEY, ABRA', NULL, NULL),
(25, 'SP140102001-025', 'LINGGAYO', 'AGRIPINO', 'BATTAWANG', '356', 'M', 'MARRIED', '140100000', '140100000', '140102001', '1952-08-12', 'BOLINEY, ABRA', NULL, NULL),
(26, 'SP140102001-026', 'LOMUAS', 'ESTHER', 'GUINACAD', '90', 'F', 'WIDOWED', '140100000', '140100000', '140102001', '1936-09-15', 'BOLINEY, ABRA', NULL, NULL),
(27, 'SP140102001-027', 'MAGALIM', 'UMAKYANG', 'MUCAY', '35', 'F', 'WIDOWED', '140100000', '140100000', '140102001', '1941-06-11', 'BOLINEY, ABRA', NULL, NULL),
(28, 'SP140102001-028', 'MAYUGO', 'TOMASA', 'SAGUBAT', '30', 'F', 'WIDOWED', '140100000', '140100000', '140102001', '1939-12-02', 'BOLINEY, ABRA', NULL, NULL),
(29, 'SP140102001-029', 'MAYUGO', 'PUDAWAN', 'MAYMAYA', '4728', 'F', 'WIDOWED', '140100000', '140100000', '140102001', '1927-10-28', 'BOLINEY, ABRA', NULL, NULL),
(30, 'SP140102001-030', 'MUCAY', 'DONAG', 'DANG-IT', '312', 'M', 'SINGLE', '140100000', '140100000', '140102001', '1937-01-14', 'BOLINEY, ABRA', NULL, NULL),
(31, 'SP140102001-031', 'MUCAY', 'LUCOB', 'DANG-IT', '220218', 'M', 'MARRIED', '140100000', '140100000', '140102001', '1935-06-15', 'BOLINEY, ABRA', NULL, NULL),
(32, 'SP140102001-032', 'MUCAY', 'MACODI', 'LUGANEN', '363', 'M', 'MARRIED', '140100000', '140100000', '140102001', '1953-03-13', 'BOLINEY, ABRA', NULL, NULL),
(33, 'SP140102001-033', 'MUCAY', 'LUNES', 'BUCASAN', '364', 'M', 'MARRIED', '140100000', '140100000', '140102001', '1952-05-01', 'BOLINEY, ABRA', NULL, NULL),
(34, 'SP140102001-034', 'PALACTAO', 'DOLNGOWAN', 'MAGLIA', '148', 'M', 'WIDOWED', '140100000', '140100000', '140102001', '1939-06-14', 'BOLINEY, ABRA', NULL, NULL),
(35, 'SP140102001-035', 'PATANG-I ', 'PEDRO', 'WAGAWAG', '102', 'M', '', '140100000', '140100000', '140102001', '1933-04-03', 'BOLINEY, ABRA', NULL, NULL),
(36, 'SP140102001-036', 'SABELO ', 'CARLOS', 'GINABLAY', '', 'F', 'WIDOWED', '140100000', '140100000', '140102001', '1933-02-05', 'BOLINEY, ABRA', NULL, NULL),
(37, 'SP140102001-037', 'SABELO ', 'LOMAY', 'GABINO', '359', 'F', 'SINGLE', '140100000', '140100000', '140102001', '1951-08-10', 'BOLINEY, ABRA', NULL, NULL),
(38, 'SP140102001-038', 'SAGMAYAO', 'WILMER', 'JACINTO', '105', 'M', 'MARRIED', '140100000', '140100000', '140102001', '1948-02-20', 'BOLINEY, ABRA', NULL, NULL),
(39, 'SP140102001-039', 'SAGMAYAO', 'MARINA', 'BANAT', '556', 'F', 'MARRIED', '140100000', '140100000', '140102001', '1958-10-11', 'BOLINEY, ABRA', NULL, NULL),
(40, 'SP140102001-040', 'SAGMAYAO', 'ROVELO', 'MAYUGO', '203', 'M', 'MARRIED', '140100000', '140100000', '140102001', '1954-05-25', 'BOLINEY, ABRA', NULL, NULL),
(41, 'SP140102001-041', 'SALIW-AN', 'VICTOR', 'MAYUGO', '90', 'M', 'MARRIED', '140100000', '140100000', '140102001', '1942-03-02', 'BOLINEY, ABRA', NULL, NULL),
(42, 'SP140102001-042', 'SALIW-AN', 'VICTORIA', 'SALINGBAY', '768', 'F', 'MARRIED', '140100000', '140100000', '140102001', '1954-10-05', 'BOLINEY, ABRA', NULL, NULL),
(43, 'SP140102001-043', 'TANGDAY', 'LAGAMAO', 'AWIGAN', '168', 'F', 'WIDOWED', '140100000', '140100000', '140102001', '1942-03-01', 'BOLINEY, ABRA', NULL, NULL),
(44, 'SP140102001-044', 'TAYAAN', 'JEAN', 'LACBONGAN', '250', 'F', 'WIDOWED', '140100000', '140100000', '140102001', '1948-01-28', 'BOLINEY, ABRA', NULL, NULL),
(45, 'SP140102001-045', 'TOCYAPAO', 'ISABELA', 'GIWAGIW', '365', 'F', 'WIDOWED', '140100000', '140100000', '140102001', '1954-04-21', 'BOLINEY, ABRA', NULL, NULL),
(46, 'SP140102001-046', 'TOCYAPAO', 'VICTOR', 'MAYUGO', '208', 'M', 'MARRIED', '140100000', '140100000', '140102001', '1956-04-26', 'BOLINEY, ABRA', NULL, NULL),
(47, 'SP140102001-047', 'AGABAS', 'GINAWAY', 'DALANGOAO', '15', 'M', '', '140100000', '140100000', '140102001', '1945-08-20', 'BOLINEY, ABRA', NULL, NULL),
(48, 'SP140102001-048', 'AGABAS', 'DALLOWAY', 'CARINIO', '4', 'M', 'WIDOWED', '140100000', '140100000', '140102001', '1937-09-15', 'BOLINEY, ABRA', NULL, NULL),
(49, 'SP140102001-049', 'AGABAS', 'LANG-AY', 'CARINO', '14', 'M', 'MARRIED', '140100000', '140100000', '140102001', '1944-05-24', 'BOLINEY, ABRA', NULL, NULL),
(50, 'SP140102001-050', 'AGABAS', ' PAREDES', 'ING-INGA', '120', 'M', 'MARRIED', '140100000', '140100000', '140102001', '1956-06-01', 'BOLINEY, ABRA', NULL, NULL),
(51, 'SP141106007050', 'Nicolas', 'Aeron Clar', NULL, NULL, 'M', 'Single', '141100000', '141106000', '141106007', '1959-02-14', 'Baguio City', '2022-02-11 06:47:44', '2022-02-11 06:47:44'),
(52, 'SP140103003-052', 'Nicasd', 'Aeron Clark', NULL, NULL, 'M', 'Single', '140100000', '140103000', '140103003', '1959-02-11', 'asdasdasd', '2022-02-11 06:48:30', '2022-02-11 06:48:30');

-- --------------------------------------------------------

--
-- Table structure for table `tblprovinces`
--

CREATE TABLE `tblprovinces` (
  `prov_code` varchar(9) NOT NULL,
  `prov_name` varchar(30) NOT NULL
) ENGINE=InnoDB DEFAULT CHARSET=latin1;

--
-- Dumping data for table `tblprovinces`
--

INSERT INTO `tblprovinces` (`prov_code`, `prov_name`) VALUES
('140100000', 'Abra'),
('141100000', 'Benguet'),
('141102000', 'Baguio City'),
('142700000', 'Ifugao'),
('143200000', 'Kalinga'),
('144400000', 'Mountain Province'),
('148100000', 'Apayao');

--
-- Indexes for dumped tables
--

--
-- Indexes for table `tblbarangays`
--
ALTER TABLE `tblbarangays`
  ADD PRIMARY KEY (`bar_code`);

--
-- Indexes for table `tblmunicipalities`
--
ALTER TABLE `tblmunicipalities`
  ADD PRIMARY KEY (`mun_code`);

--
-- Indexes for table `tblpensionerinfo`
--
ALTER TABLE `tblpensionerinfo`
  ADD PRIMARY KEY (`id`);

--
-- Indexes for table `tblprovinces`
--
ALTER TABLE `tblprovinces`
  ADD PRIMARY KEY (`prov_code`);

--
-- AUTO_INCREMENT for dumped tables
--

--
-- AUTO_INCREMENT for table `tblpensionerinfo`
--
ALTER TABLE `tblpensionerinfo`
  MODIFY `id` bigint(20) UNSIGNED NOT NULL AUTO_INCREMENT, AUTO_INCREMENT=53;
COMMIT;

/*!40101 SET CHARACTER_SET_CLIENT=@OLD_CHARACTER_SET_CLIENT */;
/*!40101 SET CHARACTER_SET_RESULTS=@OLD_CHARACTER_SET_RESULTS */;
/*!40101 SET COLLATION_CONNECTION=@OLD_COLLATION_CONNECTION */;
